<?xml version="1.0" encoding="UTF-8"?><Scenario MachineName="Desktop_Chrome">
  <TestCase description="Company Profile Page and Edit Company Profile Page Validations" id="HTCHR_EP_SCR_001_TC_001_To_288_Updated">
    <TestStep Link="" Message="" ScreenShotName="" Status="Info"/>
  <TestStep Link="" Message="*******************************" ScreenShotName="" Status="Info"/>
  <TestStep Link="" Message="Test Execution Started" ScreenShotName="" Status="Info"/>
  <TestStep Link="" Message="*******************************" ScreenShotName="" Status="Info"/>
  <TestStep Link="" Message="" ScreenShotName="" Status="Info"/>
  <TestStep Link="" Message="" ScreenShotName="" Status="Info"/>
  <TestStep Link="" Message="*******************************" ScreenShotName="" Status="Info"/>
  <TestStep Link="" Message="Data Inputs" ScreenShotName="" Status="Info"/>
  <TestStep Link="" Message="*******************************" ScreenShotName="" Status="Info"/>
  <TestStep Link="" Message="" ScreenShotName="" Status="Info"/>
  <TestStep Link="" Message="Admin Mail Id : htchrautomationboss@gmail.com" ScreenShotName="" Status="Pass"/>
  <TestStep Link="" Message="Admin Password : P@@ssw0rd" ScreenShotName="" Status="Pass"/>
  <TestStep Link="" Message="" ScreenShotName="" Status="Pass"/>
  <TestStep Link="" Message="Page Option : Users" ScreenShotName="" Status="Pass"/>
  <TestStep Link="" Message="" ScreenShotName="" Status="Pass"/>
  <TestStep Link="" Message="Email Server : Gmail" ScreenShotName="" Status="Pass"/>
  <TestStep Link="" Message="Email Id : hatcherautomationn@gmail.com" ScreenShotName="" Status="Pass"/>
  <TestStep Link="" Message="Email Password : bkoozqgwhqshguus" ScreenShotName="" Status="Pass"/>
  <TestStep Link="" Message="Email Subject : Welcome to Hatcher+" ScreenShotName="" Status="Pass"/>
  <TestStep Link="" Message="" ScreenShotName="" Status="Pass"/>
  <TestStep Link="" Message="New Contact Salutation : Mr" ScreenShotName="" Status="Pass"/>
  <TestStep Link="" Message="New Contact First Name : NewContactIndividualInvestorFirstNameQVXWUMTHQM" ScreenShotName="" Status="Pass"/>
  <TestStep Link="" Message="New Contact Last Name : NewContactIndividualInvestorLastNameYUPGKZJYEO" ScreenShotName="" Status="Pass"/>
  <TestStep Link="" Message="New Contact Email Address : hatcherautomationn@gmail.com" ScreenShotName="" Status="Pass"/>
  <TestStep Link="" Message="New Contact Job Title : CEO" ScreenShotName="" Status="Pass"/>
  <TestStep Link="" Message="New Contact Phone Number : 09876543210" ScreenShotName="" Status="Pass"/>
  <TestStep Link="" Message="New Contact LinkedIn : https://in.linkedin.com/" ScreenShotName="" Status="Pass"/>
  <TestStep Link="" Message="New Contact About Person : Test Investor Person details" ScreenShotName="" Status="Pass"/>
  <TestStep Link="" Message="New Contact Address : Test Address" ScreenShotName="" Status="Pass"/>
  <TestStep Link="" Message="New Contact Apartment : Test Apartment" ScreenShotName="" Status="Pass"/>
  <TestStep Link="" Message="New Contact City : Chennai" ScreenShotName="" Status="Pass"/>
  <TestStep Link="" Message="New Contact State : Tamilnadu" ScreenShotName="" Status="Pass"/>
  <TestStep Link="" Message="New Contact Postal Code : 600030" ScreenShotName="" Status="Pass"/>
  <TestStep Link="" Message="New Contact Country : India" ScreenShotName="" Status="Pass"/>
  <TestStep Link="" Message="New Contact Account Type : Investor" ScreenShotName="" Status="Pass"/>
  <TestStep Link="" Message="New Contact Type Of Business : Banking Institution" ScreenShotName="" Status="Pass"/>
  <TestStep Link="" Message="New Contact Send Invite : Yes" ScreenShotName="" Status="Pass"/>
  <TestStep Link="" Message="New Contact Industry : Artificial Intelligence" ScreenShotName="" Status="Pass"/>
  <TestStep Link="" Message="" ScreenShotName="" Status="Pass"/>
  <TestStep Link="" Message="New Contact Password : P@ssw0rd" ScreenShotName="" Status="Pass"/>
  <TestStep Link="" Message="New Contact Confirm Password : P@ssw0rd" ScreenShotName="" Status="Pass"/>
  <TestStep Link="" Message="" ScreenShotName="" Status="Pass"/>
  <TestStep Link="" Message="Search Profile : NewContactIndividualInvestorFirstName" ScreenShotName="" Status="Pass"/>
  <TestStep Link="" Message="Profile Name Full : NewContactIndividualInvestorLastNameYUPGKZJYEO NewContactIndividualInvestorFirstNameQVXWUMTHQM" ScreenShotName="" Status="Pass"/>
  <TestStep Link="" Message="Profile Name Full 2 : NewContactIndividualInvestorFirstNameQVXWUMTHQM NewContactIndividualInvestorLastNameYUPGKZJYEO" ScreenShotName="" Status="Pass"/>
  <TestStep Link="" Message="" ScreenShotName="" Status="Pass"/>
  <TestStep Link="" Message="New Company Legal Name : EditProfileNewLegalNameCLPFWAEQQH" ScreenShotName="" Status="Pass"/>
  <TestStep Link="" Message="New Company Website : google.com" ScreenShotName="" Status="Pass"/>
  <TestStep Link="" Message="New Company City : Chennai" ScreenShotName="" Status="Pass"/>
  <TestStep Link="" Message="New Company Country : India" ScreenShotName="" Status="Pass"/>
  <TestStep Link="" Message="New CompanyDescription : Test Description Test Description Test Description Test Description Test Description Test Description" ScreenShotName="" Status="Pass"/>
  <TestStep Link="" Message="New Company Incorporation Date : 2022-12-06" ScreenShotName="" Status="Pass"/>
  <TestStep Link="" Message="New Company Business Status : Profitable" ScreenShotName="" Status="Pass"/>
  <TestStep Link="" Message="New Company Industries : Accelerator" ScreenShotName="" Status="Pass"/>
  <TestStep Link="" Message="New Company UNSDGs : Climate Action" ScreenShotName="" Status="Pass"/>
  <TestStep Link="" Message="" ScreenShotName="" Status="Pass"/>
  <TestStep Link="" Message="New Founder Salutation : Mr" ScreenShotName="" Status="Pass"/>
  <TestStep Link="" Message="New Founder First Name : EditProfileNewFounderFirstNameZAGAOGQMVU" ScreenShotName="" Status="Pass"/>
  <TestStep Link="" Message="New Founder Last Name : EditProfileNewFounderLastNameJWVUDXDFCL" ScreenShotName="" Status="Pass"/>
  <TestStep Link="" Message="New Founder Job Title : CEO" ScreenShotName="" Status="Pass"/>
  <TestStep Link="" Message="New Founder Mobile Number : 09876543210" ScreenShotName="" Status="Pass"/>
  <TestStep Link="" Message="New Founder Email Address : test@test.com" ScreenShotName="" Status="Pass"/>
  <TestStep Link="" Message="New Founder Bio : Test Founder Bio Information Test Founder Bio Information Test Founder Bio Information Test Founder Bio Information" ScreenShotName="" Status="Pass"/>
  <TestStep Link="" Message="New Founder Highest Education : Professional diploma" ScreenShotName="" Status="Pass"/>
  <TestStep Link="" Message="New Founder Proffesional Qualifications : Test Professional qualifications" ScreenShotName="" Status="Pass"/>
  <TestStep Link="" Message="" ScreenShotName="" Status="Pass"/>
  <TestStep Link="" Message="New Investment Capital Amount : 1000000" ScreenShotName="" Status="Pass"/>
  <TestStep Link="" Message="New Investment Current Investment Round : Formation" ScreenShotName="" Status="Pass"/>
  <TestStep Link="" Message="New Investment Capital Exchange Percentage : 10" ScreenShotName="" Status="Pass"/>
  <TestStep Link="" Message="New Investment Funding Rounds : No" ScreenShotName="" Status="Pass"/>
  <TestStep Link="" Message="" ScreenShotName="" Status="Pass"/>
  <TestStep Link="" Message="New Company Legal Name 2 : EditProfileNewLegalNameXUIZSJCEZJ" ScreenShotName="" Status="Pass"/>
  <TestStep Link="" Message="" ScreenShotName="" Status="Pass"/>
  <TestStep Link="" Message="New Founder First Name 2 : EditProfileNewFounderFirstNameBLQLMLRRLL" ScreenShotName="" Status="Pass"/>
  <TestStep Link="" Message="New Founder Last Name 2 : EditProfileNewFounderLastNameVYTBURSQSZ" ScreenShotName="" Status="Pass"/>
  <TestStep Link="" Message="" ScreenShotName="" Status="Pass"/>
  <TestStep Link="" Message="" ScreenShotName="" Status="Pass"/>
  <TestStep Link="" Message="New Share Salutation : mr" ScreenShotName="" Status="Pass"/>
  <TestStep Link="" Message="New Share First Name : ShareFirstName" ScreenShotName="" Status="Pass"/>
  <TestStep Link="" Message="New Share Last Name : ShareLastName" ScreenShotName="" Status="Pass"/>
  <TestStep Link="" Message="New Share Email : userName16498@test.com" ScreenShotName="" Status="Pass"/>
  <TestStep Link="" Message="New Share Legal Name : ShareLegalName" ScreenShotName="" Status="Pass"/>
  <TestStep Link="" Message="New Share Address : Test Address" ScreenShotName="" Status="Pass"/>
  <TestStep Link="" Message="New Share City : Chennai" ScreenShotName="" Status="Pass"/>
  <TestStep Link="" Message="New Share Postal Code : 600029" ScreenShotName="" Status="Pass"/>
  <TestStep Link="" Message="New Share State : TN" ScreenShotName="" Status="Pass"/>
  <TestStep Link="" Message="New Share Country : India" ScreenShotName="" Status="Pass"/>
  <TestStep Link="" Message="New Share Website : www.google.com" ScreenShotName="" Status="Pass"/>
  <TestStep Link="" Message="New Share Phone : 9876543210" ScreenShotName="" Status="Pass"/>
  <TestStep Link="" Message="" ScreenShotName="" Status="Pass"/>
  <TestStep Link="" Message="New Crunchbase Address : https://about.crunchbase.com" ScreenShotName="" Status="Pass"/>
  <TestStep Link="" Message="New Facebook Address : https://www.facebook.com" ScreenShotName="" Status="Pass"/>
  <TestStep Link="" Message="New Instagram Address : https://www.instagram.com" ScreenShotName="" Status="Pass"/>
  <TestStep Link="" Message="New Angel List Address : https://angel.co" ScreenShotName="" Status="Pass"/>
  <TestStep Link="" Message="New Medium Address : https://medium.com" ScreenShotName="" Status="Pass"/>
  <TestStep Link="" Message="New LinkedIn Address : https://in.linkedin.com" ScreenShotName="" Status="Pass"/>
  <TestStep Link="" Message="New Pinterest Address : https://in.pinterest.com" ScreenShotName="" Status="Pass"/>
  <TestStep Link="" Message="New RSSFeed Address : https://en.wikipedia.org/wiki/RSS" ScreenShotName="" Status="Pass"/>
  <TestStep Link="" Message="New Twitter Address : https://twitter.com" ScreenShotName="" Status="Pass"/>
  <TestStep Link="" Message="New Vimeo Address : https://vimeo.com" ScreenShotName="" Status="Pass"/>
  <TestStep Link="" Message="New Website Address : https://www.google.co.in" ScreenShotName="" Status="Pass"/>
  <TestStep Link="" Message="New Youtube Address : https://www.youtube.com" ScreenShotName="" Status="Pass"/>
  <TestStep Link="" Message="" ScreenShotName="" Status="Info"/>
  <TestStep Link="" Message="************************************" ScreenShotName="" Status="Info"/>
  <TestStep Link="" Message="Execution Steps Started" ScreenShotName="" Status="Info"/>
  <TestStep Link="" Message="************************************" ScreenShotName="" Status="Info"/>
  <TestStep Link="" Message="" ScreenShotName="" Status="Info"/>
  <TestStep Link="" Message="Main page is displayed" ScreenShotName="" Status="Pass"/>
  <TestStep Link="" Message="Click on: Login Button" ScreenShotName="" Status="Pass"/>
  <TestStep Link="" Message="Navigated to the login form." ScreenShotName="" Status="Pass"/>
  <TestStep Link="" Message="Login page is displayed" ScreenShotName="" Status="Pass"/>
  <TestStep Link="" Message="Type 'htchrautomationboss@gmail.com' in: Email Address Textbox in Login Form" ScreenShotName="" Status="Pass"/>
  <TestStep Link="" Message="email entered successfully." ScreenShotName="" Status="Info"/>
  <TestStep Link="" Message="Type 'P@@ssw0rd' in: Password Textbox in Login Form" ScreenShotName="" Status="Pass"/>
  <TestStep Link="" Message="Password entered successfully." ScreenShotName="" Status="Info"/>
  <TestStep Link="" Message="Click on: Login Button in Login Form" ScreenShotName="" Status="Pass"/>
  <TestStep Link="" Message="Login Form displayed successfully." ScreenShotName="" Status="Info"/>
  <TestStep Link="" Message="Login credentials entered successfully." ScreenShotName="" Status="Info"/>
  <TestStep Link="" Message="Click on: Settings Link in Fixed Sidebar" ScreenShotName="" Status="Pass"/>
  <TestStep Link="" Message="Click on: Users Link in Settings menu of Fixed Sidebar" ScreenShotName="" Status="Pass"/>
  <TestStep Link="" Message="Click on: TextBox Menu" ScreenShotName="" Status="Pass"/>
  <TestStep Link="" Message="Click on: Options User" ScreenShotName="" Status="Pass"/>
  <TestStep Link="" Message="Users Section of Users Tab of Users Page is displayed in Settings Page" ScreenShotName="" Status="Pass"/>
  <TestStep Link="" Message="Type 'hatcherautomationn@gmail.com' in: Search Textbox in Users Tab Section of Users Page in Settings Page" ScreenShotName="" Status="Pass"/>
  <TestStep Link="" Message="hatcherautomationn@gmail.com User name or email address is not registered in application" ScreenShotName="" Status="Pass"/>
  <TestStep Link="" Message="Click on: Application Syndicate Logo Wrapper Image" ScreenShotName="" Status="Pass"/>
  <TestStep Link="" Message="Clicked On:" ScreenShotName="" Status="Info"/>
  <TestStep Link="" Message="Click on: Logout Link in Application Syndicate Logo Wrapper Link" ScreenShotName="" Status="Pass"/>
  <TestStep Link="" Message="Main page is displayed" ScreenShotName="" Status="Pass"/>
  <TestStep Link="" Message="HTCHR_EP_SCR_001_TC_001  --&gt;Verify organisation profile page gets landed successfully." ScreenShotName="" Status="Info"/>
  <TestStep Link="" Message="Click on: Login Button" ScreenShotName="" Status="Pass"/>
  <TestStep Link="" Message="Navigated to the login form." ScreenShotName="" Status="Pass"/>
  <TestStep Link="" Message="Login page is displayed" ScreenShotName="" Status="Pass"/>
  <TestStep Link="" Message="Type 'htchrautomationboss@gmail.com' in: Email Address Textbox in Login Form" ScreenShotName="" Status="Pass"/>
  <TestStep Link="" Message="email entered successfully." ScreenShotName="" Status="Info"/>
  <TestStep Link="" Message="Type 'P@@ssw0rd' in: Password Textbox in Login Form" ScreenShotName="" Status="Pass"/>
  <TestStep Link="" Message="Password entered successfully." ScreenShotName="" Status="Info"/>
  <TestStep Link="" Message="Click on: Login Button in Login Form" ScreenShotName="" Status="Pass"/>
  <TestStep Link="" Message="Login Form displayed successfully." ScreenShotName="" Status="Info"/>
  <TestStep Link="" Message="Login credentials entered successfully." ScreenShotName="" Status="Info"/>
  <TestStep Link="" Message="HTCHR_EP_SCR_001_TC_002  --&gt;Verify the organisation info can be edited." ScreenShotName="" Status="Info"/>
  <TestStep Link="" Message="Company Profile Page is displayed" ScreenShotName="" Status="Pass"/>
  <TestStep Link="" Message="Profile Tab is displayed in Comapany Profile Page" ScreenShotName="" Status="Pass"/>
  <TestStep Link="" Message="Click on: Profile Link in Company Profile Page" ScreenShotName="" Status="Pass"/>
  <TestStep Link="" Message="Link ToggleDots is displayed." ScreenShotName="" Status="Pass"/>
  <TestStep Link="" Message="Click on: Link DoggleDots_Edit Menu" ScreenShotName="" Status="Pass"/>
  <TestStep Link="" Message="Link ToggleDots is displayed." ScreenShotName="" Status="Pass"/>
  <TestStep Link="" Message="Click on: Edit Top Menu Toggle Dots Menu container link in Company Profile Page" ScreenShotName="" Status="Pass"/>
  <TestStep Link="" Message="Edit Company Profile Page is displayed" ScreenShotName="" Status="Pass"/>
  <TestStep Link="" Message="Company section Edit Profile Page in Company Profile Pagecompany profile page elements was displayed ." ScreenShotName="" Status="Pass"/>
  <TestStep Link="" Message="Company former Names section Edit Profile Page in Company Profile Pagecompany profile page elements was displayed ." ScreenShotName="" Status="Pass"/>
  <TestStep Link="" Message="Contact Details section Edit Profile Page in Company Profile Pagecompany profile page elements was displayed ." ScreenShotName="" Status="Pass"/>
  <TestStep Link="" Message="Description section Edit Profile Page in Company Profile Pagecompany profile page elements was displayed ." ScreenShotName="" Status="Pass"/>
  <TestStep Link="" Message="Digital Foot Print section Edit Profile Page in Company Profile Pagecompany profile page elements was displayed ." ScreenShotName="" Status="Pass"/>
  <TestStep Link="" Message="Digital Foot Print section Edit Profile Page in Company Profile Pagecompany profile page elements was displayed ." ScreenShotName="" Status="Pass"/>
  <TestStep Link="" Message="Finance and Legal section Edit Profile Page in Company Profile Pagecompany profile page elements was displayed ." ScreenShotName="" Status="Pass"/>
  <TestStep Link="" Message="Industry section Edit Profile Page in Company Profile Pagecompany profile page elements was displayed ." ScreenShotName="" Status="Pass"/>
  <TestStep Link="" Message="Keywords section Edit Profile Page in Company Profile Pagecompany profile page elements was displayed ." ScreenShotName="" Status="Pass"/>
  <TestStep Link="" Message="Regions section Edit Profile Page in Company Profile Pagecompany profile page elements was displayed ." ScreenShotName="" Status="Pass"/>
  <TestStep Link="" Message="Marketing Metrics section Edit Profile Page in Company Profile Pagecompany profile page elements was displayed ." ScreenShotName="" Status="Pass"/>
  <TestStep Link="" Message="Community Settings section Edit Profile Page in Company Profile Pagecompany profile page elements was displayed ." ScreenShotName="" Status="Pass"/>
  <TestStep Link="" Message="HTCHR_EP_SCR_001_TC_003  --&gt;Verify the company-legalname with alphanumeric and special characters." ScreenShotName="" Status="Info"/>
  <TestStep Link="" Message="The Hatcher Radio button is selected." ScreenShotName="" Status="Pass"/>
  </TestCase>
</Scenario>
